,CellTypeNames
1,PV
2,PV
3,PV
4,PV
5,PV
6,PV
7,PV
8,PV
9,PV
10,PV
11,PV
12,PV
13,PV
14,PV
15,PV
16,PV
17,PV
18,PV
19,PV
20,PV
21,PV
22,PV
23,PV
24,PV
25,PV
26,PV
27,PV
28,PV
29,PV
30,PV
31,PV
32,PV
33,PV
34,PV
35,PV
36,VGAT
37,VGAT
38,VGAT
39,VGAT
40,VGAT
41,VGAT
42,VGAT
43,VGAT
44,VGAT
45,VGAT
46,VGAT
47,VGAT
48,VGAT
49,PV
50,PV
51,PV
52,PV
53,PV
54,PV
55,PV
56,PV
57,PV
58,PV
59,PV
60,PV
61,PV
62,PV
63,PV
64,PV
65,PV
66,PV
67,PV
68,PV
69,PV
70,PV
71,PV
72,PV
73,PV
74,PV
75,PV
76,PV
77,PV
78,PV
79,PV
80,PV
81,PV
82,PV
83,PV
84,PV
85,PV
86,PV
87,PV
88,PV
89,PV
90,PV
91,PV
92,PV
93,PV
94,PV
95,PV
96,PV
97,PV
98,PV
99,PV
100,PV
101,PV
102,PV
103,PV
104,PV
105,PV
106,PV
107,PV
108,Juxt
109,Juxt
110,Juxt
111,Juxt
112,Juxt
113,Juxt
114,Juxt
115,Juxt
116,Juxt
117,Juxt
118,Juxt
119,Juxt
120,Juxt
121,Juxt
122,Juxt
123,Juxt
124,Juxt
125,Juxt
126,Juxt
127,Juxt
128,Juxt
129,Juxt
130,Juxt
131,Pyra
132,Pyra
133,Pyra
134,Pyra
135,Pyra
136,Pyra
137,Pyra
138,Pyra
139,Pyra
140,Pyra
141,Pyra
142,Pyra
143,Pyra
144,Pyra
145,Pyra
146,Pyra
147,Pyra
148,Pyra
149,Pyra
150,Pyra
151,Pyra
152,Pyra
153,Pyra
154,Pyra
155,Pyra
156,Pyra
157,Pyra
158,Pyra
159,Pyra
160,Pyra
161,Pyra
162,Pyra
163,Pyra
164,Pyra
165,Pyra
166,Pyra
167,Pyra
168,Pyra
169,Pyra
170,Pyra
171,Pyra
172,Pyra
173,Pyra
174,Pyra
175,Axo_
176,Axo_
177,Axo_
178,Axo_
179,Axo_
180,Axo_
181,Axo_
182,Axo_
183,Axo_
184,Axo_
185,Axo_
186,Axo_
187,Axo_
188,Axo_
189,Axo_
190,Axo_
191,Axo_
192,Axo_
193,Axo_
194,Axo_
195,Axo_
196,Axo_
197,Axo_
198,Axo_
199,Axo_
200,Axo_
201,Axo_
202,Axo_
203,Axo_
204,Axo_
205,Axo_
206,Axo_
207,Axo_
208,Axo_
209,Axo_
210,SST
211,SST
212,SST
213,SST
214,SST
215,PV
216,PV
217,PV
218,PV
219,PV
220,PV
221,PV
222,VIP
223,VIP
224,VIP
225,SST
226,SST
227,SST
228,SST
229,PV
230,SST
231,SST
232,SST
233,SST
234,SST
235,SST
236,SST
237,SST
238,SST
239,SST
240,SST
241,SST
242,SST
243,SST
244,SST
245,SST
246,SST
247,SST
248,SST
249,SST
250,SST
251,SST
252,SST
253,SST
254,SST
255,SST
256,VIP
257,VIP
258,VIP
259,VIP
260,SST
261,SST
262,SST
263,SST
264,SST
265,SST
266,SST
267,SST
268,SST
269,SST
270,SST
271,SST
272,SST
273,SST
274,SST
275,SST
276,SST
277,SST
278,SST
279,SST
280,SST
281,SST
282,SST
283,SST
284,SST
285,SST
286,SST
287,SST
288,SST
289,SST
290,SST
291,SST
292,SST
293,SST
294,SST
295,PV
296,PV
297,PV
298,PV
299,PV
300,PV
301,PV
302,PV
303,PV
304,PV
305,PV
306,PV
307,PV
308,PV
309,PV
310,PV
311,PV
312,PV
313,PV
314,PV
315,PV
316,PV
317,PV
318,PV
319,PV
320,PV
321,PV
322,VIP
323,VIP
324,VIP
325,VIP
326,VIP
327,VIP
328,SST
329,SST
330,SST
331,SST
332,SST
333,SST
334,SST
335,SST
336,SST
337,SST
338,SST
339,SST
340,SST
341,SST
342,SST
343,SST
344,SST
345,SST
346,SST
347,SST
348,SST
349,SST
350,SST
351,SST
352,SST
353,VIP
354,SST
355,SST
356,SST
357,SST
358,SST
359,SST
360,SST
361,SST
362,SST
363,SST
364,SST
365,SST
366,SST
367,SST
368,SST
369,SST
370,SST
371,SST
372,SST
373,SST
374,PV
375,PV
376,PV
377,PV
378,PV
379,PV
380,PV
381,PV
382,PV
383,PV
384,PV
385,PV
386,PV
387,PV
388,PV
389,PV
390,PV
391,PV
392,PV
393,PV
394,PV
395,PV
396,PV
397,PV
398,PV
399,PV
400,PV
401,PV
402,PV
403,PV
404,PV
405,PV
406,PV
407,PV
408,PV
409,PV
410,PV
411,PV
412,PV
413,PV
414,PV
415,PV
416,PV
417,PV
418,PV
419,PV
420,PV
421,PV
422,PV
423,PV
424,PV
425,PV
426,PV
427,PV
428,PV
429,PV
430,PV
